iCracked,,,,,,,,,,
,,,,,,Телеграм канал:,https://t.me/icracked_parts,,,
,АКБ iPhone БЕЗ ПОМИЛКИ,,,,,,,,,
,Серія,Модель,Стандарт,,Посилена + лого (JC),,Посилена + лого Genuine batteries,,Модель,Серія
,15 Серія,15 Pro Max,19$,,25$ - JC,,38$ - genuine,,15 Pro Max,15 Серія
,,15 Pro,18$,,22$ - JC,,36$ - genuine,,15 Pro,
,,15 PLUS,17$,,19$ - JC,,33$ - genuine,,15 PLUS,
,,15,16$,,18$ - JC,,30$- genuine,,15,
,14 Серія,14 Pro Max,19$,,21$ - JC,,37$- genuine,,14 Pro Max,14 Серія
,,14 Pro,18$,,19$ - JC,,35$- genuine,,14 Pro,
,,14,15$,,17$ - JC,,28$- genuine,,14,
,13 Серія,13ProMax,18$,,19$ - JC,,36$- genuine,,13ProMax,13 Серія
,,13 Pro,16$,,17$ - JC,,33$- genuine,,13 Pro,
,,13,14$,,16$ - JC,,28$- genuine,,13,
,12 Серія,12 / 12 Pro,13$,,15$ - JC,,27$- genuine,,12 / 12 Pro,12 Серія
,АКБ / БАНКИ iPhone,,,,,,,,,
,Серія,Модель,Банка Стандарт,Банка Посилена,Банка Посилена + лого,АКБ з контролером Стандарт,АКБ з контролером + лого,Шлейф Tag-on JC,Модель,Серія
,13 Серія,13ProMax,10.5$,11$,11.5$,13.5$,14.5$,7.5$,13ProMax,13 Серія
,,13 Pro,9.5$,10$,10.5$,11.5$,13$,7.5$,13 Pro,
,,13,7.5$,8$,8.5$,9$,10$,7.5$,13,
,12 Серія,12ProMax,9$,9.5$,11$,11.5$,12.5$,5.7$,12ProMax,12 Серія
,,12 / 12 Pro,6$,6.5$,7.0$,9$,10$,5.7$,12 / 12 Pro,
,11 Серія,11ProMax,9.0$,9.5$,10.5$,11.5$,12.5$,5.7$,11ProMax,11 Серія
,,11 Pro,8.5$,9$,10$,11$,12.0$,5.7$,11 Pro,
,,11,6.0$,6.5$,7.0$,9$,10.0$,5.7$,11,
